study_id,study_name,category,researcher_type,posted_date,avg_completion_minutes,reward_amount,places_available
S5026,Whiteboard Frictionless Users Study,UX Research,Commercial,2024-02-03 06:39:35,33.5,6.67,310
S5188,Revolutionize Cutting-Edge E-Services Study,Academic Research,Non-Profit,2024-02-06 02:17:58,12.2,1.52,185
S5009,Engineer Granular E-Commerce Study,Academic Research,Commercial,2024-02-24 00:30:18,43.9,7.89,482
S5249,Exploit Compelling Bandwidth Study,UX Research,Academic,2024-03-04 14:21:33,17.3,2.91,178
S5127,Evolve Cutting-Edge Niches Study,Social Science,Commercial,2024-03-07 15:41:31,11.7,1.9,42
S5231,Revolutionize Out-Of-The-Box Communities Study,Academic Research,Commercial,2024-03-11 15:10:13,12.8,3.05,498
S5433,Re-Intermediate Transparent Niches Study,Academic Research,Academic,2024-03-13 04:47:39,11.6,2.07,428
S5107,Evolve Next-Generation Web Services Study,Market Research,Commercial,2024-04-01 22:18:49,10.5,1.66,152
S5071,Enhance Clicks-And-Mortar Partnerships Study,Market Research,Academic,2024-04-02 23:20:25,6.5,1.28,284
S5048,Facilitate One-To-One Technologies Study,Academic Research,Commercial,2024-04-21 12:23:28,4.6,0.86,152
S5250,Brand Real-Time Vortals Study,Academic Research,Commercial,2024-04-21 20:58:16,6.5,1.13,272
S5297,Repurpose Strategic Communities Study,Social Science,Commercial,2024-04-24 13:30:18,13.5,2.85,449
S5029,Re-Contextualize Magnetic Methodologies Study,Academic Research,Academic,2024-04-26 13:24:05,19.7,2.96,28
S5412,Extend Cross-Platform Initiatives Study,AI/ML Data Labeling,Commercial,2024-04-29 11:56:01,26.1,5.45,413
S5307,Orchestrate Real-Time Eyeballs Study,AI/ML Data Labeling,Commercial,2024-05-03 14:46:26,28.2,4.57,101
S5059,Matrix Strategic Infrastructures Study,UX Research,Non-Profit,2024-05-20 04:59:27,13.3,2.37,379
S5111,Repurpose Seamless Bandwidth Study,Academic Research,Academic,2024-05-21 06:10:48,9.2,1.79,162
S5037,Extend Back-End Applications Study,Market Research,Academic,2024-05-24 13:48:26,7.7,1.34,123
S5016,Evolve Distributed Functionalities Study,Academic Research,Commercial,2024-05-27 09:22:37,9.5,1.61,54
S5382,Reinvent Strategic E-Business Study,Medical & Health,Non-Profit,2024-05-28 13:22:27,8.2,1.68,54
S5376,Leverage Seamless Web-Readiness Study,Academic Research,Academic,2024-05-29 10:44:53,20.6,4.64,220
S5203,Optimize Next-Generation E-Markets Study,UX Research,Commercial,2024-05-31 08:38:37,9.8,1.75,243
S5281,Cultivate Value-Added Networks Study,Social Science,Commercial,2024-06-02 20:46:55,7.7,1.47,329
S5036,Morph Global Action-Items Study,Social Science,Academic,2024-06-04 07:16:38,2.9,0.5,462
S5350,Re-Contextualize Real-Time Synergies Study,Market Research,Academic,2024-06-08 08:40:13,15.4,3.08,343
S5034,Visualize Rich Interfaces Study,Market Research,Non-Profit,2024-06-09 21:38:48,14.2,2.11,263
S5092,Deploy Holistic Info-Mediaries Study,Academic Research,Academic,2024-06-10 23:28:35,13.7,2.72,39
S5388,Productize Front-End Methodologies Study,Academic Research,Commercial,2024-06-12 07:34:44,16.2,3.85,484
S5083,Visualize Mission-Critical Markets Study,AI/ML Data Labeling,Academic,2024-06-13 09:17:52,6.4,0.8,179
S5143,Matrix Transparent Web-Readiness Study,Social Science,Academic,2024-06-17 05:21:58,13.6,2.39,358
S5216,Benchmark Proactive Infrastructures Study,Market Research,Non-Profit,2024-06-21 13:29:53,15.1,2.13,414
S5185,Deploy Dynamic Architectures Study,Market Research,Commercial,2024-06-25 06:00:39,29.6,5.65,472
S5438,Productize Synergistic Markets Study,AI/ML Data Labeling,Commercial,2024-06-25 17:44:45,17.4,3.47,293
S5038,Brand Wireless Relationships Study,Academic Research,Commercial,2024-06-27 01:41:09,24.7,4.91,205
S5440,Embrace Ubiquitous Infrastructures Study,Medical & Health,Academic,2024-06-28 19:42:46,18.3,2.63,491
S5137,Disintermediate Revolutionary Convergence Study,Academic Research,Commercial,2024-06-29 04:37:40,32.5,6.57,135
S5397,Implement Scalable Metrics Study,Market Research,Academic,2024-06-30 12:27:12,19.0,2.96,257
S5256,Reinvent Holistic E-Tailers Study,Market Research,Academic,2024-06-30 14:05:20,22.5,4.49,241
S5213,Facilitate Wireless Communities Study,Academic Research,Commercial,2024-07-02 13:43:35,8.6,1.08,160
S5132,Implement One-To-One Partnerships Study,UX Research,Commercial,2024-07-06 01:07:18,21.0,4.18,179
S5103,Optimize Innovative Methodologies Study,AI/ML Data Labeling,Academic,2024-07-06 14:57:41,19.5,3.8,158
S5194,Grow Granular Info-Mediaries Study,Academic Research,Academic,2024-07-06 20:07:05,20.0,3.46,214
S5229,Syndicate One-To-One Networks Study,Market Research,Commercial,2024-07-08 22:19:08,49.7,7.54,282
S5258,Empower Efficient Schemas Study,Academic Research,Academic,2024-07-10 04:33:12,18.7,2.75,294
S5220,Harness Killer Bandwidth Study,UX Research,Academic,2024-07-11 13:45:50,7.4,1.0,127
S5129,Revolutionize End-To-End Functionalities Study,Medical & Health,Commercial,2024-07-11 14:33:20,9.3,1.59,209
S5120,Transition Seamless Web Services Study,Academic Research,Commercial,2024-07-15 21:08:37,22.3,3.32,329
S5371,Whiteboard Holistic Users Study,Academic Research,Non-Profit,2024-07-17 11:35:40,6.5,1.32,481
S5341,E-Enable One-To-One Bandwidth Study,AI/ML Data Labeling,Commercial,2024-07-19 17:55:40,22.2,3.95,62
S5156,Benchmark Back-End Paradigms Study,UX Research,Academic,2024-07-19 20:37:53,13.6,1.7,50
S5171,Extend Virtual E-Business Study,Academic Research,Commercial,2024-07-20 15:55:48,2.9,0.44,447
S5324,Facilitate World-Class Web Services Study,Market Research,Non-Profit,2024-07-21 15:14:27,15.3,2.12,214
S5043,Brand Innovative Architectures Study,UX Research,Academic,2024-07-21 23:21:40,14.2,2.61,160
S5040,Synthesize E-Business Markets Study,Social Science,Academic,2024-07-22 22:54:12,29.2,5.02,180
S5349,Empower Next-Generation Supply-Chains Study,Academic Research,Commercial,2024-07-28 00:49:23,12.7,2.02,226
S5035,Matrix Ubiquitous Eyeballs Study,Academic Research,Commercial,2024-07-29 14:22:51,6.9,1.11,435
S5198,Grow Intuitive Technologies Study,Academic Research,Academic,2024-08-02 21:14:49,15.1,1.92,45
S5346,Incentivize Ubiquitous Schemas Study,Social Science,Academic,2024-08-11 00:41:18,48.8,10.53,212
S5008,Grow Efficient Synergies Study,AI/ML Data Labeling,Academic,2024-08-11 05:19:50,40.8,9.33,325
S5161,Integrate User-Centric Synergies Study,UX Research,Academic,2024-08-11 07:46:42,15.3,1.91,362
S5263,Generate Vertical Infrastructures Study,Academic Research,Academic,2024-08-14 17:22:35,28.0,5.29,203
S5343,Re-Contextualize Distributed Mindshare Study,Market Research,Academic,2024-08-20 20:25:42,29.1,5.58,303
S5114,Incubate Killer Mindshare Study,Academic Research,Academic,2024-08-21 05:11:39,35.8,6.95,327
S5064,Cultivate Cutting-Edge E-Tailers Study,UX Research,Academic,2024-08-21 15:10:59,11.7,1.98,279
S5441,Repurpose Killer Experiences Study,Social Science,Academic,2024-08-24 22:35:00,23.4,5.78,130
S5358,Integrate Turn-Key Info-Mediaries Study,AI/ML Data Labeling,Academic,2024-08-25 03:16:53,6.4,0.91,194
S5139,Transform Synergistic Schemas Study,AI/ML Data Labeling,Commercial,2024-08-26 19:28:16,31.1,6.16,159
S5369,Evolve Open-Source Methodologies Study,Medical & Health,Commercial,2024-08-26 22:00:12,3.9,0.67,300
S5027,Drive Interactive Communities Study,Academic Research,Commercial,2024-08-29 11:15:48,38.3,7.63,256
S5205,Streamline Best-Of-Breed E-Markets Study,AI/ML Data Labeling,Academic,2024-08-31 10:02:02,19.9,3.34,47
S5332,Cultivate Plug-And-Play E-Markets Study,Market Research,Non-Profit,2024-08-31 11:56:17,8.6,1.23,228
S5273,Architect Compelling Niches Study,Market Research,Academic,2024-09-01 12:47:15,12.3,1.67,51
S5197,Synthesize Web-Enabled Niches Study,UX Research,Commercial,2024-09-02 15:27:39,11.1,1.83,42
S5106,Expedite Revolutionary E-Business Study,Academic Research,Academic,2024-09-03 04:50:52,28.7,5.46,57
S5279,Streamline Distributed Channels Study,Social Science,Academic,2024-09-03 06:35:42,10.2,1.83,198
S5420,Synergize Out-Of-The-Box Platforms Study,Social Science,Commercial,2024-09-05 18:03:19,35.6,7.8,263
S5097,Repurpose Holistic Eyeballs Study,Academic Research,Academic,2024-09-09 00:39:33,12.8,2.1,159
S5381,Innovate Viral Communities Study,Academic Research,Academic,2024-09-09 12:26:36,11.3,2.26,266
S5055,Revolutionize Clicks-And-Mortar Metrics Study,Medical & Health,Commercial,2024-09-14 15:23:30,12.7,2.11,429
S5047,Matrix Real-Time Experiences Study,AI/ML Data Labeling,Academic,2024-09-15 05:24:00,19.3,2.56,436
S5115,Morph End-To-End Convergence Study,Social Science,Academic,2024-09-15 11:35:08,2.8,0.64,490
S5101,Syndicate Granular Markets Study,Academic Research,Commercial,2024-09-19 23:41:34,8.2,1.24,386
S5311,Embrace Plug-And-Play Content Study,Academic Research,Commercial,2024-09-20 06:41:21,30.0,6.06,253
S5327,Repurpose Wireless Schemas Study,Medical & Health,Academic,2024-09-20 11:13:15,25.3,4.13,478
S5329,Harness Dot-Com Vortals Study,Academic Research,Academic,2024-09-21 01:09:24,11.7,2.64,405
S5148,Enhance 24/365 Bandwidth Study,Market Research,Commercial,2024-09-23 13:05:44,12.9,2.06,446
S5380,Mesh Transparent Networks Study,AI/ML Data Labeling,Commercial,2024-09-24 21:41:58,43.1,9.78,150
S5183,Incentivize Collaborative E-Business Study,Market Research,Academic,2024-09-25 10:05:02,7.8,1.35,54
S5424,Transition Plug-And-Play Content Study,Academic Research,Academic,2024-09-29 07:50:58,14.9,2.82,370
S5286,Synthesize Intuitive Networks Study,AI/ML Data Labeling,Academic,2024-09-29 09:56:52,29.6,6.85,401
S5418,Embrace Ubiquitous Relationships Study,Market Research,Commercial,2024-10-03 02:37:01,9.5,1.77,386
S5172,Maximize Seamless Interfaces Study,Academic Research,Commercial,2024-10-07 12:21:49,12.1,1.58,232
S5289,Incentivize 24/7 Schemas Study,UX Research,Academic,2024-10-08 16:37:18,32.5,6.11,372
S5264,Envisioneer Magnetic Interfaces Study,UX Research,Non-Profit,2024-10-10 03:34:12,5.4,0.77,389
S5340,Deploy E-Business E-Services Study,AI/ML Data Labeling,Non-Profit,2024-10-10 03:44:47,12.1,2.31,484
S5010,Facilitate Efficient Eyeballs Study,Academic Research,Commercial,2024-10-10 10:23:37,19.0,3.21,287
S5277,Monetize Value-Added Users Study,Academic Research,Academic,2024-10-11 22:46:53,4.2,0.88,357
S5168,Scale Distributed Schemas Study,Academic Research,Commercial,2024-10-13 07:15:25,7.0,1.46,431
S5077,Maximize Collaborative Action-Items Study,AI/ML Data Labeling,Academic,2024-10-14 00:20:00,12.5,2.08,85
S5152,Empower Innovative Niches Study,Social Science,Academic,2024-10-18 17:11:40,19.6,2.63,429
S5184,Iterate Intuitive Bandwidth Study,Market Research,Academic,2024-10-19 03:56:30,5.4,1.05,368
S5312,Scale Wireless Niches Study,Social Science,Academic,2024-10-19 12:24:21,11.7,2.82,323
S5085,Incentivize Dynamic Solutions Study,Academic Research,Commercial,2024-10-20 16:39:57,19.0,3.89,136
S5199,Incentivize Real-Time Supply-Chains Study,Academic Research,Academic,2024-10-22 21:04:28,16.3,2.43,49
S5167,Deploy World-Class Interfaces Study,Market Research,Academic,2024-10-23 07:59:06,16.7,2.09,159
S5041,Cultivate One-To-One Eyeballs Study,Market Research,Academic,2024-10-23 08:06:15,19.1,2.54,477
S5309,Generate Extensible Metrics Study,Market Research,Non-Profit,2024-10-24 09:03:48,22.3,3.84,410
S5099,Streamline Leading-Edge Vortals Study,Academic Research,Academic,2024-10-25 03:00:39,19.7,2.46,467
S5211,Enhance Real-Time E-Commerce Study,Market Research,Academic,2024-10-26 06:54:04,19.6,3.62,482
S5175,Generate World-Class Bandwidth Study,Academic Research,Academic,2024-10-27 21:11:01,7.8,1.17,55
S5074,Optimize Web-Enabled Niches Study,UX Research,Non-Profit,2024-10-27 22:18:19,16.9,3.1,380
S5208,Seize Seamless Architectures Study,UX Research,Commercial,2024-10-29 17:05:36,4.7,0.85,80
S5200,Harness Strategic Channels Study,UX Research,Academic,2024-11-01 14:21:46,19.9,2.77,294
S5233,Monetize Sticky Applications Study,Medical & Health,Academic,2024-11-05 08:04:48,11.9,1.99,244
S5149,Seize Extensible E-Services Study,UX Research,Commercial,2024-11-05 23:21:19,5.5,1.19,453
S5282,Envisioneer Collaborative Info-Mediaries Study,UX Research,Commercial,2024-11-06 01:32:51,20.6,3.47,428
S5128,Integrate Clicks-And-Mortar Supply-Chains Study,Academic Research,Academic,2024-11-06 05:51:26,23.1,4.88,355
S5444,Enable Best-Of-Breed Partnerships Study,Medical & Health,Commercial,2024-11-08 09:08:42,2.0,0.33,369
S5093,Architect Wireless Markets Study,Medical & Health,Academic,2024-11-09 19:24:52,16.5,2.24,372
S5356,Scale Web-Enabled Networks Study,Medical & Health,Commercial,2024-11-11 08:27:50,6.7,1.33,466
S5427,Monetize Rich Initiatives Study,UX Research,Academic,2024-11-13 03:45:30,23.3,3.87,422
S5300,Deploy Customized Metrics Study,UX Research,Non-Profit,2024-11-14 10:49:28,33.5,6.19,94
S5003,Innovate E-Business Applications Study,Academic Research,Non-Profit,2024-11-15 05:48:33,8.9,1.74,490
S5076,Incubate End-To-End Networks Study,UX Research,Commercial,2024-11-16 08:11:53,5.8,0.74,436
S5222,Empower Next-Generation Portals Study,AI/ML Data Labeling,Commercial,2024-11-16 20:01:59,36.7,7.62,89
S5209,Iterate Next-Generation Users Study,Academic Research,Academic,2024-11-16 22:19:03,26.6,4.12,195
S5118,Grow Seamless E-Business Study,Academic Research,Non-Profit,2024-11-17 04:30:56,9.8,1.89,47
S5000,Whiteboard One-To-One Web-Readiness Study,AI/ML Data Labeling,Non-Profit,2024-11-17 10:46:59,27.7,6.05,380
S5431,Extend B2C E-Markets Study,Social Science,Commercial,2024-11-17 14:45:20,11.8,2.03,486
S5271,Embrace Dynamic Vortals Study,Market Research,Non-Profit,2024-11-17 15:45:07,14.9,2.99,78
S5407,Extend Next-Generation Roi Study,AI/ML Data Labeling,Academic,2024-11-19 06:25:05,9.4,1.37,205
S5365,Drive B2B E-Markets Study,UX Research,Commercial,2024-11-20 03:39:23,9.2,1.75,94
S5207,Synergize Compelling Synergies Study,Academic Research,Academic,2024-11-20 07:39:59,14.2,1.78,476
S5182,Orchestrate Proactive Paradigms Study,Academic Research,Non-Profit,2024-11-21 18:16:07,11.9,2.14,106
S5402,Morph Global Functionalities Study,AI/ML Data Labeling,Academic,2024-11-22 03:10:29,7.4,1.21,70
S5004,Brand Robust Web-Readiness Study,Academic Research,Non-Profit,2024-11-22 07:00:01,14.1,2.25,416
S5121,Transform Global Portals Study,AI/ML Data Labeling,Academic,2024-11-22 12:32:42,27.5,4.46,397
S5268,Extend Open-Source Convergence Study,Academic Research,Commercial,2024-11-22 20:15:03,25.9,4.16,240
S5320,Mesh Visionary Niches Study,Medical & Health,Academic,2024-11-24 23:47:17,15.8,3.5,461
S5447,Revolutionize B2B Metrics Study,Academic Research,Commercial,2024-11-25 21:37:08,7.5,1.56,329
S5050,Implement Back-End Mindshare Study,Academic Research,Commercial,2024-11-25 23:41:32,26.9,3.96,130
S5219,Streamline Back-End Architectures Study,Academic Research,Academic,2024-11-26 03:17:32,36.7,5.27,443
S5226,Integrate Proactive Action-Items Study,Academic Research,Commercial,2024-11-27 17:29:52,27.2,4.72,433
S5234,Utilize Extensible Networks Study,Academic Research,Commercial,2024-11-27 23:54:52,26.3,3.29,80
S5223,E-Enable Strategic Info-Mediaries Study,Academic Research,Commercial,2024-11-29 09:53:40,11.4,1.76,483
S5021,Synergize Efficient Bandwidth Study,Market Research,Non-Profit,2024-12-04 04:52:38,10.0,1.58,287
S5328,Integrate Ubiquitous Infrastructures Study,UX Research,Academic,2024-12-04 17:22:55,46.8,6.81,184
S5316,Morph Proactive Infrastructures Study,AI/ML Data Labeling,Academic,2024-12-05 09:15:23,6.4,1.21,23
S5262,Visualize Holistic Systems Study,AI/ML Data Labeling,Academic,2024-12-05 17:23:32,11.8,2.3,427
S5422,Utilize World-Class E-Business Study,Market Research,Academic,2024-12-06 23:10:29,37.2,5.85,433
S5068,Incentivize Magnetic Partnerships Study,Academic Research,Academic,2024-12-07 01:27:36,7.5,1.02,360
S5366,Cultivate B2C Partnerships Study,UX Research,Commercial,2024-12-07 20:40:34,23.6,4.22,400
S5206,Synergize Vertical Networks Study,Market Research,Non-Profit,2024-12-07 21:06:20,14.5,1.88,146
S5087,Brand Viral Niches Study,Academic Research,Academic,2024-12-08 06:19:45,9.0,1.52,199
S5169,Enable Dynamic E-Markets Study,Academic Research,Academic,2024-12-09 02:15:48,15.8,2.64,281
S5102,Deliver Strategic Roi Study,Market Research,Academic,2024-12-09 08:50:45,16.0,3.21,141
S5178,Repurpose Strategic Technologies Study,AI/ML Data Labeling,Commercial,2024-12-10 12:42:02,9.2,1.47,250
S5334,Disintermediate Rich Functionalities Study,UX Research,Commercial,2024-12-10 15:11:54,21.3,3.44,144
S5082,Cultivate Scalable Methodologies Study,Academic Research,Academic,2024-12-11 19:53:09,7.8,1.14,112
S5113,Target Mission-Critical Partnerships Study,Academic Research,Academic,2024-12-12 15:10:14,10.4,1.98,382
S5070,Engage Bleeding-Edge Applications Study,Medical & Health,Commercial,2024-12-12 21:42:47,13.5,2.73,220
S5430,Disintermediate Next-Generation Applications Study,AI/ML Data Labeling,Commercial,2024-12-14 20:30:10,3.3,0.51,106
S5017,Re-Intermediate Bricks-And-Clicks Networks Study,Market Research,Commercial,2024-12-15 20:33:36,11.8,2.08,441
S5069,Facilitate Vertical Applications Study,Academic Research,Commercial,2024-12-16 00:53:44,15.2,2.97,485
S5153,Seize Wireless Methodologies Study,Academic Research,Academic,2024-12-18 17:02:27,30.3,5.51,352
S5025,Visualize Intuitive Metrics Study,Academic Research,Commercial,2024-12-20 05:32:01,14.0,3.06,297
S5405,Benchmark Bricks-And-Clicks Channels Study,Medical & Health,Academic,2024-12-22 09:29:45,11.3,2.48,77
S5164,Redefine Open-Source E-Business Study,Academic Research,Academic,2024-12-25 10:05:24,16.1,2.6,30
S5423,Enhance Innovative Functionalities Study,Social Science,Commercial,2024-12-25 19:14:35,15.7,2.7,301
S5237,Benchmark Interactive Platforms Study,Medical & Health,Non-Profit,2024-12-26 04:55:33,15.8,2.36,312
S5033,Architect Turn-Key E-Tailers Study,Academic Research,Commercial,2024-12-26 06:10:27,16.9,2.55,161
S5005,Evolve Killer E-Services Study,Market Research,Commercial,2024-12-26 18:19:00,14.9,2.38,79
S5095,Synergize Back-End Bandwidth Study,Academic Research,Academic,2024-12-27 12:43:46,7.1,0.98,406
S5001,Extend Efficient Action-Items Study,Medical & Health,Commercial,2024-12-27 13:34:34,6.5,1.14,250
S5187,Orchestrate Clicks-And-Mortar Platforms Study,Social Science,Academic,2024-12-28 17:22:04,24.1,3.11,228
S5031,Transition Robust Vortals Study,Academic Research,Commercial,2024-12-29 22:56:03,7.3,0.91,273
S5355,Re-Contextualize World-Class Solutions Study,Academic Research,Academic,2024-12-31 11:11:58,44.0,9.92,298
S5404,Generate Visionary Paradigms Study,Academic Research,Academic,2024-12-31 12:34:51,6.8,1.2,215
S5435,Grow Visionary Action-Items Study,UX Research,Academic,2025-01-01 00:26:04,27.7,4.04,493
S5401,Whiteboard Dynamic E-Business Study,Market Research,Academic,2025-01-01 00:46:15,6.0,1.35,118
S5385,Redefine B2B E-Services Study,AI/ML Data Labeling,Non-Profit,2025-01-01 02:57:35,25.7,4.8,316
S5057,Embrace Bricks-And-Clicks Content Study,AI/ML Data Labeling,Academic,2025-01-01 11:27:34,15.2,3.43,295
S5170,Repurpose Enterprise Methodologies Study,Market Research,Academic,2025-01-02 08:29:46,19.3,3.95,345
S5442,Whiteboard Vertical Markets Study,Market Research,Academic,2025-01-03 03:46:51,11.6,2.61,379
S5133,Matrix B2C Users Study,Medical & Health,Commercial,2025-01-03 16:14:54,25.8,5.5,168
S5108,Benchmark Turn-Key Portals Study,Academic Research,Non-Profit,2025-01-04 11:31:21,21.5,3.24,307
S5032,Strategize Real-Time Partnerships Study,Social Science,Commercial,2025-01-06 08:24:52,9.8,1.77,292
S5275,E-Enable Dynamic Technologies Study,Academic Research,Academic,2025-01-07 02:50:17,9.4,1.52,151
S5007,Aggregate Next-Generation E-Services Study,UX Research,Commercial,2025-01-09 06:51:58,9.6,1.29,138
S5315,Extend World-Class Metrics Study,UX Research,Commercial,2025-01-11 03:19:48,12.2,1.77,44
S5354,Facilitate Enterprise Bandwidth Study,Market Research,Academic,2025-01-11 18:53:16,27.9,5.67,368
S5150,Enhance Proactive Web Services Study,Academic Research,Academic,2025-01-11 18:58:19,8.4,1.59,221
S5191,Target Global Bandwidth Study,Market Research,Academic,2025-01-13 22:38:38,19.8,3.82,422
S5255,Utilize Rich Vortals Study,UX Research,Commercial,2025-01-15 16:41:56,19.9,4.13,472
S5053,Monetize 24/365 Eyeballs Study,Social Science,Commercial,2025-01-17 20:29:47,10.1,1.9,108
S5124,Expedite Best-Of-Breed Supply-Chains Study,Market Research,Academic,2025-01-20 09:04:03,7.4,1.46,288
S5417,Implement Back-End Users Study,Market Research,Academic,2025-01-22 15:15:40,14.2,1.78,439
S5186,Synthesize Wireless Action-Items Study,Medical & Health,Commercial,2025-01-22 16:22:37,16.7,2.4,336
S5337,Grow Holistic Initiatives Study,Medical & Health,Commercial,2025-01-23 06:06:27,2.0,0.41,104
S5305,Generate 24/365 E-Commerce Study,UX Research,Academic,2025-01-23 13:04:03,4.4,0.82,112
S5052,Redefine Sticky Functionalities Study,Social Science,Academic,2025-01-23 23:33:10,8.6,1.48,293
S5384,Innovate Web-Enabled Models Study,Social Science,Commercial,2025-01-25 04:29:16,13.7,2.81,151
S5061,Engineer End-To-End Channels Study,UX Research,Commercial,2025-01-25 10:10:23,8.3,1.35,491
S5045,Morph Value-Added Methodologies Study,UX Research,Non-Profit,2025-01-25 15:59:22,15.0,2.51,408
S5266,Repurpose Out-Of-The-Box Info-Mediaries Study,Market Research,Commercial,2025-01-25 19:11:07,9.6,1.78,96
S5425,Visualize Transparent Initiatives Study,Academic Research,Commercial,2025-01-26 19:17:49,11.1,2.54,317
S5159,Expedite One-To-One Architectures Study,Social Science,Academic,2025-01-27 03:54:36,14.5,2.83,421
S5313,Deliver Rich Systems Study,Academic Research,Commercial,2025-01-27 05:15:03,27.0,4.36,483
S5138,Architect Interactive Web Services Study,UX Research,Non-Profit,2025-01-28 11:36:09,8.2,1.79,238
S5411,Morph Compelling Technologies Study,Medical & Health,Academic,2025-01-30 06:30:11,36.5,5.63,334
S5345,E-Enable Compelling Info-Mediaries Study,UX Research,Academic,2025-01-31 02:47:26,19.3,3.79,186
S5336,Empower End-To-End Technologies Study,Academic Research,Commercial,2025-01-31 18:03:41,14.9,2.55,306
S5449,Enable Dot-Com Roi Study,AI/ML Data Labeling,Commercial,2025-02-02 11:08:46,24.0,3.0,124
S5056,Harness Holistic Web-Readiness Study,Academic Research,Commercial,2025-02-02 21:36:16,26.9,5.22,359
S5352,Benchmark Holistic Eyeballs Study,UX Research,Commercial,2025-02-02 23:22:49,11.4,2.32,402
S5247,Brand Virtual Deliverables Study,Academic Research,Academic,2025-02-03 03:35:26,15.9,2.43,169
S5248,Visualize Real-Time E-Business Study,Social Science,Academic,2025-02-03 21:27:47,13.6,2.27,402
S5437,Innovate Out-Of-The-Box Users Study,AI/ML Data Labeling,Academic,2025-02-05 12:14:53,6.4,0.97,104
S5065,Re-Contextualize 24/365 Content Study,Market Research,Academic,2025-02-05 13:11:16,10.7,2.03,41
S5218,Cultivate Plug-And-Play Roi Study,Academic Research,Academic,2025-02-06 10:14:30,5.8,1.24,235
S5144,Reinvent Open-Source E-Markets Study,Academic Research,Academic,2025-02-06 22:22:03,34.4,6.85,326
S5096,Envisioneer Cutting-Edge Schemas Study,UX Research,Commercial,2025-02-07 10:03:15,8.6,1.96,72
S5134,Integrate Out-Of-The-Box Applications Study,Academic Research,Commercial,2025-02-07 20:52:25,17.2,3.04,404
S5151,Aggregate Wireless Supply-Chains Study,Academic Research,Academic,2025-02-10 03:56:32,21.9,3.74,431
S5446,Architect Bleeding-Edge Supply-Chains Study,AI/ML Data Labeling,Academic,2025-02-10 07:09:15,11.5,2.29,330
S5386,Target Dot-Com Bandwidth Study,Academic Research,Academic,2025-02-11 08:24:18,27.2,4.46,354
S5379,Brand B2B Action-Items Study,Academic Research,Commercial,2025-02-11 12:47:23,8.5,1.42,293
S5067,Productize Customized Initiatives Study,Social Science,Commercial,2025-02-11 21:27:17,15.5,2.5,236
S5060,Drive Holistic Partnerships Study,Market Research,Academic,2025-02-12 02:51:59,20.6,3.23,400
S5260,Incentivize Transparent Models Study,Academic Research,Non-Profit,2025-02-12 04:36:26,10.2,1.81,66
S5230,Architect Plug-And-Play Portals Study,Academic Research,Academic,2025-02-12 05:13:12,29.5,4.69,86
S5013,Seize Cross-Media Metrics Study,AI/ML Data Labeling,Commercial,2025-02-12 09:38:28,10.8,2.39,249
S5306,Embrace Magnetic Experiences Study,UX Research,Academic,2025-02-13 11:22:45,11.4,1.96,31
S5373,Whiteboard Front-End E-Services Study,Market Research,Non-Profit,2025-02-13 13:33:51,43.3,7.36,160
S5375,Transform Mission-Critical Systems Study,Academic Research,Commercial,2025-02-14 08:00:59,47.6,8.07,177
S5267,Engage Cross-Media E-Commerce Study,UX Research,Commercial,2025-02-16 07:48:20,27.8,3.64,349
S5325,Transform Granular Supply-Chains Study,UX Research,Non-Profit,2025-02-16 14:43:01,29.9,5.38,175
S5317,Enhance Vertical Methodologies Study,Academic Research,Commercial,2025-02-16 21:17:21,15.4,2.19,407
S5162,Mesh 24/365 Relationships Study,Market Research,Academic,2025-02-17 18:01:13,9.0,1.35,86
S5389,Incubate Granular Partnerships Study,Medical & Health,Commercial,2025-02-18 00:45:10,26.6,4.82,109
S5360,Repurpose B2C Models Study,Market Research,Academic,2025-02-19 05:06:09,9.5,1.58,395
S5393,Synergize Compelling Platforms Study,Academic Research,Academic,2025-02-19 18:37:45,20.2,4.54,241
S5089,Grow Mission-Critical Markets Study,Academic Research,Academic,2025-02-21 09:46:59,24.1,3.23,315
S5098,Aggregate Distributed E-Tailers Study,UX Research,Academic,2025-02-21 21:40:51,2.0,0.37,155
S5252,Empower Customized Action-Items Study,Academic Research,Academic,2025-02-21 23:21:58,14.8,2.01,220
S5158,Drive Turn-Key E-Commerce Study,Medical & Health,Commercial,2025-02-24 01:08:59,2.8,0.51,226
S5290,Engineer Next-Generation Metrics Study,Academic Research,Academic,2025-02-24 01:12:50,5.3,1.01,294
S5357,Synergize Bleeding-Edge E-Markets Study,UX Research,Non-Profit,2025-02-24 16:45:18,15.1,2.46,472
S5283,Grow Cross-Platform Roi Study,UX Research,Academic,2025-02-24 16:58:31,62.1,12.16,145
S5131,Engage Cutting-Edge Schemas Study,UX Research,Commercial,2025-02-25 07:12:35,13.2,2.11,300
S5174,Envisioneer Best-Of-Breed E-Commerce Study,Academic Research,Academic,2025-02-25 07:45:46,11.1,1.75,66
S5445,E-Enable Best-Of-Breed Applications Study,Academic Research,Commercial,2025-02-26 00:18:35,11.9,1.78,407
S5051,Engineer Virtual Mindshare Study,AI/ML Data Labeling,Commercial,2025-02-27 01:10:09,27.7,4.21,219
S5398,Extend Rich Technologies Study,AI/ML Data Labeling,Non-Profit,2025-02-28 12:34:05,3.1,0.55,24
S5285,Embrace Innovative Interfaces Study,Market Research,Academic,2025-03-01 15:15:13,14.4,2.46,410
S5104,Cultivate Web-Enabled Interfaces Study,Market Research,Academic,2025-03-04 20:05:04,14.6,3.03,45
S5374,Extend E-Business E-Commerce Study,UX Research,Commercial,2025-03-05 10:40:46,10.9,1.85,340
S5049,Brand Granular Bandwidth Study,Market Research,Academic,2025-03-05 18:57:34,23.1,3.45,491
S5288,Orchestrate Seamless Infrastructures Study,UX Research,Academic,2025-03-07 04:05:17,28.7,5.04,212
S5180,Transition Web-Enabled Methodologies Study,UX Research,Academic,2025-03-07 13:25:24,3.2,0.73,426
S5214,E-Enable Plug-And-Play Channels Study,UX Research,Academic,2025-03-07 15:35:19,5.5,0.8,105
S5030,Harness Leading-Edge E-Services Study,UX Research,Academic,2025-03-07 21:19:15,10.0,1.96,362
S5364,Mesh Ubiquitous Synergies Study,UX Research,Academic,2025-03-09 02:25:09,15.7,2.63,318
S5084,Strategize Cross-Platform Platforms Study,Medical & Health,Academic,2025-03-10 08:08:31,5.6,1.02,276
S5276,Enhance Bricks-And-Clicks Roi Study,Academic Research,Non-Profit,2025-03-10 21:46:11,22.6,4.4,227
S5296,Whiteboard Killer Portals Study,Academic Research,Academic,2025-03-11 13:58:01,11.9,2.35,154
S5301,Syndicate Distributed Paradigms Study,Academic Research,Academic,2025-03-11 15:33:59,32.8,6.85,283
S5372,Integrate Innovative Action-Items Study,Social Science,Academic,2025-03-11 18:03:26,8.2,1.43,306
S5383,Cultivate Enterprise E-Business Study,Market Research,Commercial,2025-03-12 03:37:29,19.2,3.52,469
S5073,Optimize Robust Supply-Chains Study,Academic Research,Academic,2025-03-12 05:58:41,10.3,2.27,308
S5195,Grow Back-End Action-Items Study,Medical & Health,Commercial,2025-03-13 06:08:05,16.6,2.24,497
S5429,Enable Integrated Bandwidth Study,AI/ML Data Labeling,Commercial,2025-03-15 02:14:07,28.9,5.74,96
S5410,Deliver Real-Time Communities Study,Market Research,Commercial,2025-03-15 09:13:58,8.2,1.28,79
S5259,Implement Dynamic Infrastructures Study,Market Research,Commercial,2025-03-15 20:07:35,41.3,8.82,353
S5403,Transform Revolutionary Content Study,Medical & Health,Academic,2025-03-17 00:21:21,18.5,3.58,84
S5257,Seize Back-End Supply-Chains Study,Market Research,Academic,2025-03-17 14:29:39,24.3,5.22,227
S5080,Repurpose User-Centric Convergence Study,Academic Research,Academic,2025-03-17 16:11:57,11.6,2.72,462
S5075,Repurpose Holistic E-Tailers Study,Market Research,Non-Profit,2025-03-18 18:05:13,6.3,0.89,282
S5416,Disintermediate E-Business Interfaces Study,Market Research,Academic,2025-03-19 13:59:01,7.1,1.12,353
S5217,Visualize Cutting-Edge Channels Study,UX Research,Academic,2025-03-20 02:43:44,11.6,1.51,372
S5339,Monetize Value-Added Schemas Study,Academic Research,Academic,2025-03-20 08:13:12,29.5,5.17,253
S5303,Scale Ubiquitous Partnerships Study,UX Research,Academic,2025-03-21 00:10:13,4.1,0.63,121
S5018,Aggregate Innovative Paradigms Study,Social Science,Academic,2025-03-22 15:48:18,24.3,4.0,201
S5408,Aggregate End-To-End Users Study,Social Science,Commercial,2025-03-23 01:15:55,14.5,2.33,184
S5014,Morph Revolutionary Bandwidth Study,Social Science,Academic,2025-03-23 08:27:30,28.9,5.76,239
S5155,Embrace Back-End Roi Study,Academic Research,Commercial,2025-03-23 13:15:42,19.4,2.42,390
S5367,Syndicate Back-End Supply-Chains Study,Academic Research,Academic,2025-03-25 17:20:49,18.3,2.76,156
S5122,Embrace Sticky Schemas Study,UX Research,Commercial,2025-03-25 19:17:11,23.2,5.07,100
S5323,Syndicate Cross-Media E-Markets Study,Market Research,Academic,2025-03-25 23:23:14,27.1,6.03,381
S5042,Whiteboard Granular Methodologies Study,Market Research,Non-Profit,2025-03-27 06:09:47,44.7,6.13,83
S5141,Extend B2C Action-Items Study,Academic Research,Academic,2025-03-27 10:01:34,15.0,2.82,39
S5314,Evolve Revolutionary E-Commerce Study,Social Science,Academic,2025-03-28 20:55:59,30.1,4.48,64
S5238,Scale Seamless Methodologies Study,Academic Research,Academic,2025-03-29 11:13:14,25.8,3.77,34
S5023,Disintermediate Synergistic E-Tailers Study,UX Research,Academic,2025-03-29 13:26:47,31.0,5.41,277
S5400,Exploit Synergistic E-Services Study,Academic Research,Commercial,2025-03-31 11:08:46,12.4,2.24,267
S5088,Target Interactive Partnerships Study,UX Research,Commercial,2025-03-31 19:01:05,6.8,1.54,54
S5058,Incentivize Leading-Edge Action-Items Study,UX Research,Academic,2025-04-01 18:22:31,11.4,1.95,378
S5353,Grow Compelling Convergence Study,UX Research,Non-Profit,2025-04-01 19:15:29,16.5,2.92,305
S5291,Expedite Magnetic Deliverables Study,AI/ML Data Labeling,Academic,2025-04-01 23:21:32,18.3,3.36,154
S5002,Enhance Global Platforms Study,UX Research,Commercial,2025-04-02 02:32:21,39.4,7.35,298
S5221,Harness Cross-Platform Architectures Study,Academic Research,Academic,2025-04-02 07:33:59,11.9,1.67,198
S5190,Engage Interactive Initiatives Study,Market Research,Academic,2025-04-03 06:41:04,21.2,3.43,21
S5292,Synergize Customized Systems Study,Medical & Health,Academic,2025-04-03 06:58:16,32.1,4.41,64
S5413,Target Intuitive Eyeballs Study,Academic Research,Academic,2025-04-03 08:11:40,12.4,2.69,308
S5426,Enable Revolutionary Paradigms Study,AI/ML Data Labeling,Academic,2025-04-03 19:46:03,16.1,2.16,450
S5321,Reinvent User-Centric Functionalities Study,Academic Research,Academic,2025-04-03 21:21:14,14.8,3.12,468
S5265,Scale Interactive Content Study,Social Science,Academic,2025-04-04 21:45:50,14.8,3.01,30
S5181,Monetize Magnetic Solutions Study,Market Research,Commercial,2025-04-04 23:54:44,8.4,1.59,426
S5154,E-Enable Open-Source Web-Readiness Study,Social Science,Academic,2025-04-05 00:54:36,7.6,1.75,44
S5335,Grow Scalable E-Tailers Study,AI/ML Data Labeling,Academic,2025-04-05 06:17:58,29.0,5.53,326
S5235,Innovate Enterprise Interfaces Study,Market Research,Academic,2025-04-05 11:00:57,12.0,1.93,396
S5419,Innovate Back-End Applications Study,AI/ML Data Labeling,Academic,2025-04-06 04:52:08,11.7,1.81,313
S5448,Implement Efficient Eyeballs Study,Market Research,Academic,2025-04-08 03:24:47,4.2,0.76,431
S5135,Engage B2B E-Commerce Study,UX Research,Academic,2025-04-08 21:12:37,6.5,1.23,303
S5039,Enhance Global Mindshare Study,Medical & Health,Academic,2025-04-08 23:16:03,25.7,4.36,55
S5428,Transform Web-Enabled Users Study,Academic Research,Academic,2025-04-09 11:08:55,4.0,0.53,379
S5241,Incubate Cutting-Edge Web Services Study,Medical & Health,Academic,2025-04-09 12:10:46,15.5,2.37,120
S5390,Grow Cross-Media Applications Study,Social Science,Academic,2025-04-09 22:13:06,35.4,7.54,242
S5368,Re-Intermediate Impactful Experiences Study,AI/ML Data Labeling,Commercial,2025-04-12 00:38:15,17.9,4.1,257
S5261,Engage Web-Enabled Info-Mediaries Study,Academic Research,Commercial,2025-04-12 21:07:18,5.1,1.0,134
S5146,Leverage Sticky Architectures Study,Social Science,Academic,2025-04-13 16:58:06,30.2,6.57,104
S5434,Integrate Out-Of-The-Box E-Tailers Study,Market Research,Commercial,2025-04-14 02:16:24,17.4,2.96,400
S5359,Unleash Enterprise Architectures Study,Market Research,Academic,2025-04-14 13:49:28,13.1,2.5,30
S5224,Utilize Scalable Convergence Study,Market Research,Academic,2025-04-14 14:39:59,29.6,3.95,433
S5436,Iterate Bricks-And-Clicks Platforms Study,AI/ML Data Labeling,Academic,2025-04-14 22:56:07,26.7,4.74,400
S5272,Embrace Viral Solutions Study,Academic Research,Commercial,2025-04-14 23:12:14,15.2,1.99,212
S5322,Transition Holistic Infrastructures Study,Academic Research,Academic,2025-04-15 14:17:19,5.8,0.75,401
S5293,Monetize Cutting-Edge Content Study,Market Research,Academic,2025-04-16 06:03:12,13.3,2.39,380
S5142,Cultivate Granular Roi Study,Social Science,Academic,2025-04-16 08:23:38,8.8,1.79,383
S5244,Iterate Next-Generation Models Study,AI/ML Data Labeling,Academic,2025-04-17 08:54:44,12.7,2.03,29
S5020,Evolve Bleeding-Edge Platforms Study,Academic Research,Non-Profit,2025-04-17 19:04:03,22.5,4.2,295
S5072,Unleash Leading-Edge E-Services Study,Academic Research,Commercial,2025-04-18 04:36:43,12.4,2.03,206
S5344,Unleash Real-Time E-Markets Study,Social Science,Commercial,2025-04-19 21:12:08,24.7,5.0,270
S5165,Harness 24/7 Content Study,Academic Research,Academic,2025-04-20 03:55:19,6.0,0.97,430
S5274,Drive Front-End Platforms Study,Social Science,Academic,2025-04-21 00:11:01,6.4,1.5,165
S5392,Target Seamless Solutions Study,Market Research,Academic,2025-04-21 05:55:38,18.6,3.57,106
S5078,Generate Collaborative E-Markets Study,Medical & Health,Non-Profit,2025-04-21 15:13:47,16.3,2.96,475
S5251,Iterate Interactive Infrastructures Study,Market Research,Non-Profit,2025-04-22 20:56:05,12.2,2.19,351
S5298,Incentivize Virtual Schemas Study,UX Research,Commercial,2025-04-23 01:00:48,8.4,1.22,254
S5227,Aggregate Vertical E-Business Study,Social Science,Commercial,2025-04-23 07:59:24,27.7,5.59,225
S5109,Architect Turn-Key Action-Items Study,Academic Research,Non-Profit,2025-04-23 20:00:21,22.2,3.53,216
S5140,Matrix Transparent E-Business Study,AI/ML Data Labeling,Commercial,2025-04-25 11:11:47,10.0,1.71,482
S5063,Leverage Back-End Deliverables Study,UX Research,Academic,2025-04-25 15:10:36,26.9,5.72,384
S5210,Extend Magnetic Models Study,AI/ML Data Labeling,Academic,2025-04-25 22:49:44,10.5,1.79,114
S5253,Engineer Plug-And-Play Networks Study,Medical & Health,Commercial,2025-04-27 07:20:36,4.7,0.87,303
S5326,Deploy Rich Technologies Study,Academic Research,Academic,2025-04-27 08:44:34,28.2,4.23,129
S5333,Streamline Dynamic Deliverables Study,UX Research,Academic,2025-04-27 17:08:45,14.6,1.94,499
S5179,Deliver Open-Source Infrastructures Study,Academic Research,Commercial,2025-04-28 11:11:51,8.7,1.28,472
S5394,Incentivize Enterprise Networks Study,Market Research,Commercial,2025-04-28 18:15:15,21.0,2.62,286
S5302,Enhance Front-End Technologies Study,Market Research,Academic,2025-04-29 19:08:07,10.9,1.84,109
S5347,Orchestrate Integrated Solutions Study,Academic Research,Commercial,2025-05-01 08:42:11,17.2,3.44,419
S5177,Architect Collaborative Communities Study,Market Research,Commercial,2025-05-01 15:25:46,27.6,4.72,63
S5086,Incubate Customized Channels Study,Market Research,Academic,2025-05-01 16:25:04,43.5,10.04,370
S5130,Morph Granular Systems Study,Market Research,Commercial,2025-05-01 16:52:19,18.8,2.35,487
S5136,Enable Revolutionary Content Study,Market Research,Academic,2025-05-02 18:16:35,18.1,2.97,110
S5202,Scale B2C E-Tailers Study,AI/ML Data Labeling,Commercial,2025-05-02 18:24:15,15.1,2.42,109
S5066,Strategize Out-Of-The-Box Systems Study,Medical & Health,Academic,2025-05-03 20:34:34,9.4,1.9,402
S5081,Brand Transparent Bandwidth Study,Market Research,Commercial,2025-05-03 22:19:34,17.6,3.29,310
S5112,Harness Intuitive Synergies Study,Medical & Health,Academic,2025-05-04 10:39:26,16.0,3.34,464
S5204,Facilitate Plug-And-Play E-Markets Study,Market Research,Commercial,2025-05-04 10:58:52,3.3,0.66,125
S5399,Revolutionize Bleeding-Edge Metrics Study,Market Research,Academic,2025-05-04 13:55:12,9.8,2.23,206
S5236,Unleash 24/365 Partnerships Study,Medical & Health,Academic,2025-05-05 00:10:06,24.3,3.29,121
S5015,Incubate 24/7 Architectures Study,Medical & Health,Academic,2025-05-07 18:02:14,30.6,6.38,382
S5212,Synthesize Proactive Architectures Study,Academic Research,Commercial,2025-05-08 11:38:20,3.5,0.76,115
S5163,Brand Innovative Web Services Study,UX Research,Academic,2025-05-09 03:14:13,21.0,4.66,210
S5117,Disintermediate Front-End Communities Study,Market Research,Academic,2025-05-10 12:18:52,17.7,2.98,401
S5415,Drive Impactful Schemas Study,UX Research,Commercial,2025-05-10 16:51:00,39.4,6.13,142
S5079,Aggregate Mission-Critical Platforms Study,Social Science,Non-Profit,2025-05-10 19:49:30,14.1,2.35,116
S5125,Architect Back-End Mindshare Study,UX Research,Academic,2025-05-11 15:22:47,5.6,1.2,234
S5090,Visualize Value-Added Infrastructures Study,Academic Research,Commercial,2025-05-13 00:20:47,26.9,4.43,447
S5246,Whiteboard Ubiquitous Eyeballs Study,Medical & Health,Non-Profit,2025-05-13 16:26:06,12.7,2.45,142
S5196,E-Enable Efficient Deliverables Study,UX Research,Academic,2025-05-13 23:09:03,14.6,2.1,372
S5232,Expedite One-To-One Communities Study,UX Research,Non-Profit,2025-05-15 10:19:31,26.0,5.33,157
S5295,Extend Mission-Critical E-Tailers Study,Academic Research,Commercial,2025-05-15 13:32:35,18.4,3.85,57
S5024,Repurpose Real-Time Methodologies Study,AI/ML Data Labeling,Academic,2025-05-16 12:54:14,11.7,1.93,495
S5100,Streamline Scalable Applications Study,Academic Research,Commercial,2025-05-16 15:53:35,19.6,2.55,188
S5091,Re-Contextualize Web-Enabled Communities Study,Market Research,Commercial,2025-05-17 13:52:02,10.6,1.53,314
S5406,Evolve Distributed Vortals Study,Medical & Health,Commercial,2025-05-18 00:12:20,10.1,1.69,195
S5269,Scale Ubiquitous Niches Study,Academic Research,Academic,2025-05-18 22:28:52,4.8,0.67,366
S5145,Exploit Interactive Niches Study,UX Research,Academic,2025-05-19 10:02:06,5.6,1.04,429
S5361,Integrate End-To-End Mindshare Study,AI/ML Data Labeling,Academic,2025-05-21 04:15:10,20.9,4.07,38
S5278,Enable Efficient Paradigms Study,Medical & Health,Commercial,2025-05-22 07:04:00,29.0,5.75,232
S5351,Envisioneer Seamless Applications Study,Social Science,Commercial,2025-05-22 07:09:06,20.6,2.75,55
S5054,Disintermediate Granular Users Study,Academic Research,Academic,2025-05-22 15:00:02,20.0,3.72,37
S5189,Reinvent Plug-And-Play Markets Study,Academic Research,Academic,2025-05-23 18:46:03,9.4,2.15,199
S5331,Transition Clicks-And-Mortar Web Services Study,Academic Research,Non-Profit,2025-05-24 00:23:05,25.3,4.6,80
S5287,Whiteboard Scalable Eyeballs Study,AI/ML Data Labeling,Non-Profit,2025-05-24 06:10:54,24.5,3.93,264
S5284,Streamline Dot-Com Info-Mediaries Study,Academic Research,Academic,2025-05-24 22:07:09,10.8,1.81,157
S5432,Visualize Mission-Critical Models Study,Academic Research,Academic,2025-05-25 03:39:24,6.7,1.14,99
S5147,Cultivate Robust Info-Mediaries Study,UX Research,Commercial,2025-05-25 17:08:06,11.9,2.33,120
S5215,Re-Intermediate Proactive Interfaces Study,Market Research,Academic,2025-05-25 21:19:51,17.8,3.07,142
S5094,Leverage Enterprise Synergies Study,Market Research,Commercial,2025-05-27 15:17:22,41.1,7.69,234
S5173,Engage Clicks-And-Mortar Content Study,Market Research,Academic,2025-05-28 03:50:01,10.4,1.74,364
S5409,Matrix Bricks-And-Clicks Deliverables Study,Academic Research,Academic,2025-05-28 05:24:30,12.6,2.05,154
S5387,Morph Value-Added Bandwidth Study,UX Research,Academic,2025-05-28 09:59:35,13.4,2.49,133
S5243,Visualize Cross-Platform Synergies Study,Market Research,Commercial,2025-05-29 20:38:27,8.0,1.36,471
S5338,Utilize Web-Enabled Communities Study,Medical & Health,Commercial,2025-05-30 17:11:20,28.0,5.0,228
S5240,Generate Revolutionary Convergence Study,Social Science,Commercial,2025-06-01 01:45:58,23.8,4.21,279
S5421,Innovate Bleeding-Edge Info-Mediaries Study,Medical & Health,Academic,2025-06-01 03:16:40,15.0,2.0,330
S5396,Utilize Impactful Niches Study,Academic Research,Academic,2025-06-01 05:46:44,65.9,14.95,313
S5330,Embrace Wireless Mindshare Study,Academic Research,Academic,2025-06-01 08:48:33,11.0,1.88,348
S5294,Maximize Leading-Edge E-Business Study,Social Science,Commercial,2025-06-03 15:06:38,18.7,3.41,481
S5166,Deliver Extensible Web Services Study,Market Research,Academic,2025-06-04 02:37:57,4.4,0.55,184
S5019,Repurpose Bleeding-Edge Technologies Study,UX Research,Academic,2025-06-04 08:10:52,6.1,1.25,139
S5363,Cultivate Visionary Platforms Study,Academic Research,Commercial,2025-06-04 11:34:34,10.9,1.6,91
S5308,Optimize Leading-Edge Communities Study,Academic Research,Non-Profit,2025-06-04 21:54:41,11.6,2.35,190
S5348,Redefine Global Partnerships Study,Academic Research,Academic,2025-06-05 03:47:42,3.1,0.71,86
S5044,Synergize Plug-And-Play Deliverables Study,UX Research,Academic,2025-06-07 04:49:00,15.6,3.03,181
S5022,Whiteboard Bricks-And-Clicks Communities Study,Academic Research,Academic,2025-06-07 11:52:45,24.6,3.93,278
S5126,Synthesize Dot-Com Markets Study,Academic Research,Academic,2025-06-08 00:44:40,8.4,1.15,485
S5245,Transform User-Centric Relationships Study,UX Research,Academic,2025-06-08 04:54:53,28.3,3.54,263
S5362,Benchmark Open-Source Platforms Study,Academic Research,Commercial,2025-06-09 05:28:53,18.7,2.99,209
S5116,Matrix Innovative Action-Items Study,Medical & Health,Commercial,2025-06-10 07:04:27,14.0,2.74,388
S5304,Innovate Bleeding-Edge Portals Study,Academic Research,Non-Profit,2025-06-10 20:13:28,15.6,1.98,22
S5280,Whiteboard Holistic Platforms Study,Academic Research,Academic,2025-06-11 01:50:19,49.0,8.52,450
S5028,Target Enterprise Niches Study,AI/ML Data Labeling,Commercial,2025-06-11 14:07:20,13.8,2.51,263
S5342,Embrace B2C Models Study,Market Research,Academic,2025-06-13 01:52:20,31.9,6.49,494
S5119,Exploit Value-Added Web Services Study,Market Research,Academic,2025-06-14 12:07:53,29.2,6.61,166
S5193,Re-Intermediate Cutting-Edge Schemas Study,AI/ML Data Labeling,Academic,2025-06-14 18:53:02,2.0,0.4,466
S5011,Architect Cross-Platform Platforms Study,Academic Research,Commercial,2025-06-14 21:23:40,21.0,4.99,157
S5176,Grow Visionary Methodologies Study,Market Research,Academic,2025-06-15 11:38:28,25.0,3.77,101
S5105,Embrace Interactive Applications Study,Academic Research,Commercial,2025-06-15 17:53:04,5.8,0.75,234
S5242,Disintermediate Innovative Mindshare Study,Academic Research,Commercial,2025-06-15 20:36:08,18.1,2.47,445
S5443,Generate Open-Source Action-Items Study,Academic Research,Non-Profit,2025-06-16 07:43:39,14.0,3.48,292
S5225,Enhance Innovative Experiences Study,Academic Research,Non-Profit,2025-06-16 22:32:08,16.5,2.47,146
S5254,Re-Intermediate Enterprise Supply-Chains Study,Medical & Health,Commercial,2025-06-17 22:10:14,44.9,7.39,117
S5006,Deliver Proactive Schemas Study,Market Research,Commercial,2025-06-18 01:35:55,23.7,4.18,302
S5012,Evolve Enterprise Platforms Study,Medical & Health,Academic,2025-06-18 16:08:42,9.7,1.38,68
S5318,Transition Real-Time Networks Study,Medical & Health,Academic,2025-06-19 01:12:22,7.0,1.15,249
S5239,Expedite 24/7 Networks Study,Market Research,Academic,2025-06-19 16:53:17,13.2,2.22,69
S5228,Orchestrate Web-Enabled Channels Study,UX Research,Commercial,2025-06-19 17:51:16,6.8,1.35,457
S5319,Integrate Virtual Info-Mediaries Study,Medical & Health,Commercial,2025-06-20 02:21:48,12.4,2.06,453
S5046,Drive One-To-One Methodologies Study,Academic Research,Commercial,2025-06-20 21:26:29,10.8,2.19,473
S5201,Orchestrate Bleeding-Edge Architectures Study,UX Research,Academic,2025-06-21 06:05:32,19.1,3.15,186
S5192,Repurpose Turn-Key Systems Study,Social Science,Academic,2025-06-21 08:17:34,7.2,1.3,386
S5160,Productize Dynamic Portals Study,Social Science,Commercial,2025-06-21 23:07:58,16.8,2.67,187
S5391,Monetize Cutting-Edge Portals Study,Market Research,Academic,2025-06-22 17:02:42,19.6,4.13,305
S5110,Morph Impactful Channels Study,Social Science,Commercial,2025-06-23 02:54:31,18.6,3.19,131
S5299,Optimize Granular Synergies Study,UX Research,Academic,2025-06-23 07:33:40,15.2,2.21,86
S5062,Repurpose Collaborative Schemas Study,Medical & Health,Academic,2025-06-23 10:04:35,45.5,9.67,359
S5310,Extend Front-End Systems Study,AI/ML Data Labeling,Commercial,2025-06-24 06:58:34,7.0,1.23,369
S5378,Envisioneer Synergistic Relationships Study,UX Research,Academic,2025-06-25 17:49:41,22.5,4.11,114
S5439,Strategize Efficient Solutions Study,Academic Research,Commercial,2025-06-25 23:05:09,31.2,5.51,284
S5157,Transform User-Centric Convergence Study,UX Research,Academic,2025-06-26 14:59:17,23.7,4.69,487
S5377,Integrate World-Class Markets Study,Market Research,Non-Profit,2025-06-28 19:56:13,5.9,1.11,48
S5123,Orchestrate Real-Time Technologies Study,AI/ML Data Labeling,Non-Profit,2025-06-29 05:30:09,8.8,1.46,34
S5370,Iterate Enterprise Vortals Study,Academic Research,Academic,2025-06-29 06:03:41,48.0,6.0,492
S5414,Engineer Magnetic Methodologies Study,Market Research,Commercial,2025-06-29 07:34:54,23.5,4.39,198
S5395,Seize Distributed Technologies Study,Market Research,Academic,2025-06-29 09:51:03,15.7,1.96,52
S5270,Monetize Dot-Com E-Services Study,UX Research,Academic,2025-06-29 11:21:49,3.4,0.45,73
